rlevel,topk,place_low_min,place_high_max,pop_min,pop_max,diff_pop_min,bets,win_roi,win_hit,place_roi,place_hit,umaren_box_bets,umaren_box_roi,umaren_box_races,umaren_axis1_bets,umaren_axis1_roi,umaren_axis1_races
2,2,1.4,3.5,2,6,0,504,89.5436507936508,0.15476190476190477,84.90079365079364,0.4365079365079365,61,101.14754098360656,57,59,104.57627118644068,57
2,2,1.3,3.5,2,6,0,561,86.61319073083779,0.15508021390374332,83.60071301247773,0.44028520499108736,74,100.0,68,71,104.22535211267605,68
2,2,1.5,3.5,2,6,0,433,81.66281755196306,0.12933025404157045,83.04849884526558,0.40877598152424943,47,77.6595744680851,45,46,79.34782608695652,45
2,2,1.6,3.5,2,6,0,349,77.44985673352436,0.11461318051575932,83.00859598853869,0.39255014326647564,29,79.3103448275862,27,28,82.14285714285714,27
2,2,1.5,3.5,2,6,1,222,72.2072072072072,0.10810810810810811,82.43243243243244,0.3918918918918919,12,112.5,12,12,112.5,12
2,2,1.4,3.5,2,6,1,248,78.30645161290323,0.125,82.41935483870968,0.40725806451612906,16,84.375,14,15,90.0,14
2,2,1.3,3.5,2,6,1,264,74.96212121212122,0.12121212121212122,82.12121212121211,0.4128787878787879,22,61.36363636363637,18,20,67.5,18
2,2,1.6,3.5,2,6,1,186,57.68817204301075,0.08064516129032258,80.64516129032258,0.3709677419354839,8,0.0,8,8,0.0,8
