レースレベル,上昇値区分,人気乖離区分,件数,単勝ROI,単勝的中率,複勝ROI,複勝的中率,検証_train件数,検証_trainROI,検証_test件数,検証_testROI,期間分割OK,up_low,up_high,up_include_lowest,gap_low,gap_high,gap_include_lowest,母集団,前提_合格数区分,前提_混戦度指標,前提_混戦度上位率,前提_cv閾値
Lv1,<=0,0〜3,30,207.66666666666666,36.666666666666664,84.66666666666667,53.333333333333336,16,213.75,14,200.71428571428572,False,-999.0,0.0,True,-1.0,3.0,False,合格馬のみ（総合利益度>=0）,3/3（万全）,cv,0.5,0.6726927461862031
Lv2,"(2,4]",0〜3,20,183.0,35.0,120.5,65.0,14,122.85714285714286,6,323.3333333333333,False,2.0,4.0,False,-1.0,3.0,False,合格馬のみ（総合利益度>=0）,3/3（万全）,cv,0.5,0.6726927461862031
Lv3,"(8,10]",0〜3,22,185.9090909090909,27.27272727272727,115.0,50.0,13,78.46153846153847,9,341.1111111111111,False,8.0,10.0,False,-1.0,3.0,False,合格馬のみ（総合利益度>=0）,3/3（万全）,cv,0.5,0.6726927461862031
Lv3,"(0,2]",0〜3,45,149.33333333333334,15.555555555555555,92.66666666666667,33.33333333333333,27,232.22222222222223,18,25.0,False,0.0,2.0,False,-1.0,3.0,False,合格馬のみ（総合利益度>=0）,3/3（万全）,cv,0.5,0.6726927461862031
Lv3,"(2,4]",0〜3,42,123.57142857142857,14.285714285714285,95.71428571428571,42.857142857142854,30,53.333333333333336,12,299.1666666666667,False,2.0,4.0,False,-1.0,3.0,False,合格馬のみ（総合利益度>=0）,3/3（万全）,cv,0.5,0.6726927461862031
