レースレベル,上昇値区分,人気乖離区分,件数,単勝ROI,単勝的中率,複勝ROI,複勝的中率,検証_train件数,検証_trainROI,検証_test件数,検証_testROI,期間分割OK,up_low,up_high,up_include_lowest,gap_low,gap_high,gap_include_lowest,母集団,前提_合格数区分,前提_混戦度指標,前提_混戦度上位率,前提_cv閾値
Lv1,<=0,0〜3,30,195.33333333333334,33.33333333333333,79.66666666666667,53.333333333333336,18,190.0,12,203.33333333333334,False,-999.0,0.0,True,-1.0,3.0,False,合格馬のみ（総合利益度>=0）,3/3（万全）,cv,0.5,0.6758921051798824
Lv2,"(2,4]",0〜3,23,159.1304347826087,30.434782608695656,104.78260869565217,56.52173913043478,16,107.5,7,277.14285714285717,False,2.0,4.0,False,-1.0,3.0,False,合格馬のみ（総合利益度>=0）,3/3（万全）,cv,0.5,0.6758921051798824
Lv3,<=0,-4〜-1,53,193.58490566037736,18.867924528301888,111.32075471698113,47.16981132075472,34,237.35294117647058,19,115.26315789473684,False,-999.0,0.0,True,-5.0,-1.0,False,合格馬のみ（総合利益度>=0）,3/3（万全）,cv,0.5,0.6758921051798824
Lv3,"(8,10]",0〜3,24,153.33333333333334,20.833333333333336,100.0,41.66666666666667,14,43.57142857142857,10,307.0,False,8.0,10.0,False,-1.0,3.0,False,合格馬のみ（総合利益度>=0）,3/3（万全）,cv,0.5,0.6758921051798824
Lv3,14+,0〜3,31,127.74193548387096,19.35483870967742,94.19354838709677,45.16129032258064,15,133.33333333333334,16,122.5,False,14.0,999.0,False,-1.0,3.0,False,合格馬のみ（総合利益度>=0）,3/3（万全）,cv,0.5,0.6758921051798824
