レースレベル,上昇値区分,人気乖離区分,件数,単勝ROI,単勝的中率,複勝ROI,複勝的中率,up_low,up_high,up_include_lowest,gap_low,gap_high,gap_include_lowest
Lv3,5–6,-4〜-1,28,95.71428571428571,10.714285714285714,148.92857142857142,39.285714285714285,4.0,6.0,False,-5.0,-1.0,False
Lv3,9–10,0〜3,25,467.2,20.0,119.6,36.0,8.0,10.0,False,-1.0,3.0,False
Lv3,3–4,<=-5,31,124.83870967741936,16.129032258064516,114.51612903225806,45.16129032258064,2.0,4.0,False,-999.0,-5.0,True
