レースレベル,上昇値区分,人気乖離区分,件数,単勝ROI,単勝的中率,複勝ROI,複勝的中率,検証_train件数,検証_trainROI,検証_test件数,検証_testROI,期間分割OK,up_low,up_high,up_include_lowest,gap_low,gap_high,gap_include_lowest,母集団,前提_合格数区分,前提_混戦度指標,前提_混戦度上位率,前提_cv閾値
Lv2,"(4,6]",0〜3,27,91.11111111111111,14.814814814814813,113.33333333333333,55.55555555555556,13,86.15384615384616,14,138.57142857142858,False,4.0,6.0,False,-1.0,3.0,False,合格馬のみ（総合利益度>=0）,3/3（万全）,cv,0.5,0.6729962946091319
Lv3,"(10,14]",4〜7,29,271.7241379310345,10.344827586206897,153.44827586206895,31.03448275862069,18,206.11111111111111,11,67.27272727272727,False,10.0,14.0,False,3.0,7.0,False,合格馬のみ（総合利益度>=0）,3/3（万全）,cv,0.5,0.6729962946091319
Lv3,"(2,4]",4〜7,36,263.8888888888889,11.11111111111111,128.33333333333334,33.33333333333333,19,83.15789473684211,17,178.8235294117647,False,2.0,4.0,False,3.0,7.0,False,合格馬のみ（総合利益度>=0）,3/3（万全）,cv,0.5,0.6729962946091319
Lv3,<=0,-4〜-1,43,218.13953488372093,20.930232558139537,118.6046511627907,48.837209302325576,24,142.91666666666666,19,87.89473684210526,False,-999.0,0.0,True,-5.0,-1.0,False,合格馬のみ（総合利益度>=0）,3/3（万全）,cv,0.5,0.6729962946091319
Lv3,"(8,10]",0〜3,20,204.5,30.0,115.0,50.0,11,56.36363636363637,9,186.66666666666666,False,8.0,10.0,False,-1.0,3.0,False,合格馬のみ（総合利益度>=0）,3/3（万全）,cv,0.5,0.6729962946091319
Lv4,<=0,0〜3,32,15.0,6.25,158.125,50.0,18,162.22222222222223,14,152.85714285714286,False,-999.0,0.0,True,-1.0,3.0,False,合格馬のみ（総合利益度>=0）,3/3（万全）,cv,0.5,0.6729962946091319
