レースレベル,上昇値区分,人気乖離区分,件数,単勝ROI,単勝的中率,複勝ROI,複勝的中率,検証_train件数,検証_trainROI,検証_test件数,検証_testROI,期間分割OK,up_low,up_high,up_include_lowest,gap_low,gap_high,gap_include_lowest,母集団,前提_合格数区分,前提_混戦度指標,前提_混戦度上位率,前提_cv閾値
Lv2,"(0,2]",0〜3,22,116.36363636363636,18.181818181818183,139.54545454545453,59.09090909090909,14,154.28571428571428,8,50.0,False,0.0,2.0,False,-1.0,3.0,False,合格馬のみ（総合利益度>=0）,3/3（万全）,cv,0.5,0.6745895046468726
Lv2,"(4,6]",0〜3,20,115.0,15.0,119.0,50.0,9,0.0,11,209.0909090909091,False,4.0,6.0,False,-1.0,3.0,False,合格馬のみ（総合利益度>=0）,3/3（万全）,cv,0.5,0.6745895046468726
Lv3,"(2,4]",0〜3,23,190.43478260869566,17.391304347826086,100.43478260869566,43.47826086956522,15,52.666666666666664,8,448.75,False,2.0,4.0,False,-1.0,3.0,False,合格馬のみ（総合利益度>=0）,3/3（万全）,cv,0.5,0.6745895046468726
Lv3,<=0,-4〜-1,21,172.85714285714286,23.809523809523807,120.47619047619048,52.38095238095239,9,316.6666666666667,12,65.0,False,-999.0,0.0,True,-5.0,-1.0,False,合格馬のみ（総合利益度>=0）,3/3（万全）,cv,0.5,0.6745895046468726
