レースレベル,上昇値区分,人気乖離区分,件数,単勝ROI,単勝的中率,複勝ROI,複勝的中率,検証_train件数,検証_trainROI,検証_test件数,検証_testROI,期間分割OK,up_low,up_high,up_include_lowest,gap_low,gap_high,gap_include_lowest,母集団,前提_合格数区分,前提_混戦度指標,前提_混戦度上位率,前提_cv閾値
Lv1,<=0,0〜3,28,122.14285714285714,32.142857142857146,78.21428571428571,50.0,15,65.33333333333333,13,187.69230769230768,False,-999.0,0.0,True,-1.0,3.0,False,合格馬のみ（総合利益度>=0）,3/3（万全）,cv,0.5,0.6729962946091319
Lv3,"(10,14]",4〜7,29,271.7241379310345,10.344827586206897,153.44827586206895,31.03448275862069,18,437.77777777777777,11,0.0,False,10.0,14.0,False,3.0,7.0,False,合格馬のみ（総合利益度>=0）,3/3（万全）,cv,0.5,0.6729962946091319
Lv3,"(2,4]",4〜7,36,263.8888888888889,11.11111111111111,128.33333333333334,33.33333333333333,19,68.42105263157895,17,482.3529411764706,False,2.0,4.0,False,3.0,7.0,False,合格馬のみ（総合利益度>=0）,3/3（万全）,cv,0.5,0.6729962946091319
Lv3,<=0,-4〜-1,43,218.13953488372093,20.930232558139537,118.6046511627907,48.837209302325576,24,299.5833333333333,19,115.26315789473684,False,-999.0,0.0,True,-5.0,-1.0,False,合格馬のみ（総合利益度>=0）,3/3（万全）,cv,0.5,0.6729962946091319
Lv3,"(8,10]",0〜3,20,204.5,30.0,115.0,50.0,11,92.72727272727273,9,341.1111111111111,False,8.0,10.0,False,-1.0,3.0,False,合格馬のみ（総合利益度>=0）,3/3（万全）,cv,0.5,0.6729962946091319
Lv3,"(0,2]",0〜3,42,151.66666666666666,14.285714285714285,93.80952380952381,33.33333333333333,23,257.39130434782606,19,23.68421052631579,False,0.0,2.0,False,-1.0,3.0,False,合格馬のみ（総合利益度>=0）,3/3（万全）,cv,0.5,0.6729962946091319
Lv3,"(2,4]",0〜3,42,123.57142857142857,14.285714285714285,95.71428571428571,42.857142857142854,30,53.333333333333336,12,299.1666666666667,False,2.0,4.0,False,-1.0,3.0,False,合格馬のみ（総合利益度>=0）,3/3（万全）,cv,0.5,0.6729962946091319
