レースレベル,上昇値区分,人気乖離区分,件数,単勝ROI,単勝的中率,複勝ROI,複勝的中率,検証_train件数,検証_trainROI,検証_test件数,検証_testROI,期間分割OK,up_low,up_high,up_include_lowest,gap_low,gap_high,gap_include_lowest,母集団,前提_合格数区分,前提_混戦度指標,前提_混戦度上位率,前提_cv閾値
Lv2,"(2,4]",0〜3,20,183.0,35.0,120.5,65.0,14,112.85714285714286,6,138.33333333333334,False,2.0,4.0,False,-1.0,3.0,False,合格馬のみ（総合利益度>=0）,3/3（万全）,cv,0.5,0.6726927461862031
Lv2,"(4,6]",0〜3,27,91.11111111111111,14.814814814814813,113.33333333333333,55.55555555555556,12,93.33333333333333,15,129.33333333333334,False,4.0,6.0,False,-1.0,3.0,False,合格馬のみ（総合利益度>=0）,3/3（万全）,cv,0.5,0.6726927461862031
Lv3,"(10,14]",4〜7,31,254.19354838709677,9.67741935483871,153.2258064516129,32.25806451612903,18,200.55555555555554,13,87.6923076923077,False,10.0,14.0,False,3.0,7.0,False,合格馬のみ（総合利益度>=0）,3/3（万全）,cv,0.5,0.6726927461862031
Lv3,"(2,4]",4〜7,38,250.0,10.526315789473683,121.57894736842105,31.57894736842105,20,79.0,18,168.88888888888889,False,2.0,4.0,False,3.0,7.0,False,合格馬のみ（総合利益度>=0）,3/3（万全）,cv,0.5,0.6726927461862031
Lv4,<=0,0〜3,36,13.333333333333334,5.555555555555555,144.16666666666666,47.22222222222222,22,138.63636363636363,14,152.85714285714286,False,-999.0,0.0,True,-1.0,3.0,False,合格馬のみ（総合利益度>=0）,3/3（万全）,cv,0.5,0.6726927461862031
