レースレベル,上昇値区分,人気乖離区分,件数,単勝ROI,単勝的中率,複勝ROI,複勝的中率,検証_train件数,検証_trainROI,検証_test件数,検証_testROI,期間分割OK,up_low,up_high,up_include_lowest,gap_low,gap_high,gap_include_lowest,母集団,前提_合格数区分,前提_混戦度指標,前提_混戦度上位率,前提_cv閾値
Lv1,<=0,0〜3,37,192.7027027027027,29.72972972972973,63.24324324324324,43.24324324324324,16,248.125,21,150.47619047619048,False,-999.0,0.0,True,-1.0,3.0,False,合格馬のみ（総合利益度>=0）,3/3（万全）,cv,0.5,0.6828459110813914
Lv3,<=0,-4〜-1,56,197.32142857142858,21.428571428571427,115.89285714285714,50.0,30,269.0,26,114.61538461538461,False,-999.0,0.0,True,-5.0,-1.0,False,合格馬のみ（総合利益度>=0）,3/3（万全）,cv,0.5,0.6828459110813914
Lv3,"(10,14]",0〜3,32,165.3125,21.875,99.6875,43.75,16,28.75,16,301.875,False,10.0,14.0,False,-1.0,3.0,False,合格馬のみ（総合利益度>=0）,3/3（万全）,cv,0.5,0.6828459110813914
Lv3,"(0,2]",0〜3,57,121.9298245614035,14.035087719298245,100.35087719298245,36.84210526315789,33,190.0,24,28.333333333333332,False,0.0,2.0,False,-1.0,3.0,False,合格馬のみ（総合利益度>=0）,3/3（万全）,cv,0.5,0.6828459110813914
