レースレベル,上昇値区分,人気乖離区分,件数,単勝ROI,単勝的中率,複勝ROI,複勝的中率,up_low,up_high,up_include_lowest,gap_low,gap_high,gap_include_lowest,母集団
Lv2,14+,0〜3,60,293.8333333333333,18.333333333333332,102.16666666666667,40.0,14.0,999.0,False,-1.0,3.0,False,合格馬のみ（総合利益度>=0）
Lv2,"(8,10]",0〜3,31,144.19354838709677,19.35483870967742,96.45161290322581,35.483870967741936,8.0,10.0,False,-1.0,3.0,False,合格馬のみ（総合利益度>=0）
Lv3,"(6,8]",0〜3,57,175.43859649122808,14.035087719298245,90.17543859649123,33.33333333333333,6.0,8.0,False,-1.0,3.0,False,合格馬のみ（総合利益度>=0）
Lv3,"(2,4]",<=-5,28,149.64285714285714,25.0,90.35714285714286,53.57142857142857,2.0,4.0,False,-999.0,-5.0,True,合格馬のみ（総合利益度>=0）
Lv5,"(0,2]",0〜3,27,195.55555555555554,14.814814814814813,86.66666666666667,29.629629629629626,0.0,2.0,False,-1.0,3.0,False,合格馬のみ（総合利益度>=0）
