レースレベル,上昇値区分,人気乖離区分,件数,単勝ROI,単勝的中率,複勝ROI,複勝的中率,検証_train件数,検証_trainROI,検証_test件数,検証_testROI,期間分割OK,up_low,up_high,up_include_lowest,gap_low,gap_high,gap_include_lowest,母集団,前提_合格数区分,前提_混戦度指標,前提_混戦度上位率,前提_cv閾値
Lv2,"(2,4]",4〜7,23,187.82608695652175,8.695652173913043,180.8695652173913,26.08695652173913,15,214.66666666666666,8,117.5,False,2.0,4.0,False,3.0,7.0,False,合格馬のみ（総合利益度>=0）,3/3（万全）,cv,0.5,0.687354033942017
Lv2,"(0,2]",0〜3,32,80.0,12.5,110.3125,46.875,21,101.9047619047619,11,126.36363636363636,False,0.0,2.0,False,-1.0,3.0,False,合格馬のみ（総合利益度>=0）,3/3（万全）,cv,0.5,0.687354033942017
Lv3,<=0,4〜7,46,17.608695652173914,2.1739130434782608,115.21739130434783,26.08695652173913,24,112.5,22,118.18181818181819,True,-999.0,0.0,True,3.0,7.0,False,合格馬のみ（総合利益度>=0）,3/3（万全）,cv,0.5,0.687354033942017
Lv4,<=0,0〜3,22,21.818181818181817,9.090909090909092,158.63636363636363,54.54545454545454,12,194.16666666666666,10,116.0,False,-999.0,0.0,True,-1.0,3.0,False,合格馬のみ（総合利益度>=0）,3/3（万全）,cv,0.5,0.687354033942017
