レースレベル,上昇値区分,人気乖離区分,件数,単勝ROI,単勝的中率,複勝ROI,複勝的中率,検証_train件数,検証_trainROI,検証_test件数,検証_testROI,期間分割OK,up_low,up_high,up_include_lowest,gap_low,gap_high,gap_include_lowest,母集団,前提_合格数区分,前提_混戦度指標,前提_混戦度上位率,前提_cv閾値
Lv3,"(2,4]",0〜3,29,157.93103448275863,17.24137931034483,91.72413793103448,41.37931034482759,20,49.5,9,398.8888888888889,False,2.0,4.0,False,-1.0,3.0,False,合格馬のみ（総合利益度>=0）,3/3（万全）,cv,0.5,0.687354033942017
Lv3,<=0,-4〜-1,24,151.25,20.833333333333336,112.5,50.0,11,259.09090909090907,13,60.0,False,-999.0,0.0,True,-5.0,-1.0,False,合格馬のみ（総合利益度>=0）,3/3（万全）,cv,0.5,0.687354033942017
Lv4,<=0,-4〜-1,15,112.66666666666667,33.33333333333333,112.0,66.66666666666666,7,138.57142857142858,8,90.0,False,-999.0,0.0,True,-5.0,-1.0,False,合格馬のみ（総合利益度>=0）,3/3（万全）,cv,0.5,0.687354033942017
