レースレベル,上昇値区分,人気乖離区分,件数,単勝ROI,単勝的中率,複勝ROI,複勝的中率,検証_train件数,検証_trainROI,検証_test件数,検証_testROI,期間分割OK,up_low,up_high,up_include_lowest,gap_low,gap_high,gap_include_lowest,母集団,前提_合格数区分,前提_混戦度指標,前提_混戦度上位率,前提_cv閾値
Lv3,"(10,14]",4〜7,36,218.88888888888889,8.333333333333332,131.94444444444446,27.77777777777778,21,153.8095238095238,15,101.33333333333333,False,10.0,14.0,False,3.0,7.0,False,合格馬のみ（総合利益度>=0）,3/3（万全）,cv,0.5,0.6758921051798824
Lv3,"(2,4]",4〜7,38,250.0,10.526315789473683,121.57894736842105,31.57894736842105,18,70.55555555555556,20,167.5,False,2.0,4.0,False,3.0,7.0,False,合格馬のみ（総合利益度>=0）,3/3（万全）,cv,0.5,0.6758921051798824
Lv3,<=0,-4〜-1,53,193.58490566037736,18.867924528301888,111.32075471698113,47.16981132075472,34,124.41176470588235,19,87.89473684210526,False,-999.0,0.0,True,-5.0,-1.0,False,合格馬のみ（総合利益度>=0）,3/3（万全）,cv,0.5,0.6758921051798824
Lv3,"(4,6]",0〜3,21,98.0952380952381,19.047619047619047,110.47619047619048,47.61904761904761,15,124.0,6,76.66666666666667,False,4.0,6.0,False,-1.0,3.0,False,合格馬のみ（総合利益度>=0）,3/3（万全）,cv,0.5,0.6758921051798824
Lv4,<=0,0〜3,43,16.27906976744186,6.976744186046512,132.09302325581396,46.51162790697674,29,122.06896551724138,14,152.85714285714286,False,-999.0,0.0,True,-1.0,3.0,False,合格馬のみ（総合利益度>=0）,3/3（万全）,cv,0.5,0.6758921051798824
