レースレベル,上昇値区分,人気乖離区分,件数,単勝ROI,単勝的中率,複勝ROI,複勝的中率,検証_train件数,検証_trainROI,検証_test件数,検証_testROI,期間分割OK,up_low,up_high,up_include_lowest,gap_low,gap_high,gap_include_lowest,母集団,前提_合格数区分,前提_混戦度指標,前提_混戦度上位率,前提_cv閾値
Lv2,"(4,6]",0〜3,34,145.0,14.705882352941178,121.17647058823529,52.94117647058824,14,80.0,20,150.0,False,4.0,6.0,False,-1.0,3.0,False,合格馬のみ（総合利益度>=0）,3/3（万全）,cv,0.5,0.6828459110813914
Lv3,<=0,-4〜-1,56,197.32142857142858,21.428571428571427,115.89285714285714,50.0,30,141.0,26,86.92307692307692,False,-999.0,0.0,True,-5.0,-1.0,False,合格馬のみ（総合利益度>=0）,3/3（万全）,cv,0.5,0.6828459110813914
Lv3,"(10,14]",4〜7,38,207.3684210526316,7.894736842105263,115.52631578947368,23.684210526315788,25,160.4,13,29.23076923076923,False,10.0,14.0,False,3.0,7.0,False,合格馬のみ（総合利益度>=0）,3/3（万全）,cv,0.5,0.6828459110813914
Lv4,<=0,0〜3,44,10.909090909090908,4.545454545454546,118.86363636363636,45.45454545454545,27,126.29629629629629,17,107.05882352941177,False,-999.0,0.0,True,-1.0,3.0,False,合格馬のみ（総合利益度>=0）,3/3（万全）,cv,0.5,0.6828459110813914
