レースレベル,上昇値区分,人気乖離区分,件数,単勝ROI,単勝的中率,複勝ROI,複勝的中率,up_low,up_high,up_include_lowest,gap_low,gap_high,gap_include_lowest,母集団
Lv2,14+,4〜7,53,67.35849056603773,5.660377358490567,153.77358490566039,26.41509433962264,14.0,999.0,False,3.0,7.0,False,合格馬のみ（総合利益度>=0）
Lv4,"(10,14]",8+,21,118.57142857142857,4.761904761904762,294.76190476190476,19.047619047619047,10.0,14.0,False,7.0,999.0,False,合格馬のみ（総合利益度>=0）
Lv4,"(6,8]",0〜3,19,107.89473684210526,10.526315789473683,131.57894736842104,36.84210526315789,6.0,8.0,False,-1.0,3.0,False,合格馬のみ（総合利益度>=0）
